protein_id,protein_number,AA,position,quality,x_coord_c,x_coord_ca,x_coord_cb,x_coord_n,y_coord_c,y_coord_ca,y_coord_cb,y_coord_n,z_coord_c,z_coord_ca,z_coord_cb,z_coord_n,secondary_structure,structure_group,BEND,HELX,STRN,TURN,unstructured,nAA_24_180_pae,nAA_24_180_pae_smooth10,IDR
O00115,1,M,1,48.18,-38.42,-39.807,-40.859,-39.77,42.797,42.977,43.122,44.175,21.803,22.398,21.283,23.264,unstructured,unstructured,0,0,0,0,1,5,8.636363636363637,1
O00115,1,I,2,41.43,-36.361,-36.253,-35.224,-37.604,40.197,41.592,41.624,41.912,21.268,21.891,23.051,22.377,unstructured,unstructured,0,0,0,0,1,6,8.666666666666666,1
O00115,1,P,3,45.91,-34.932,-36.164,-36.271,-36.072,37.878,38.683,38.931,40.003,19.799,19.376,17.87,19.971,unstructured,unstructured,0,0,0,0,1,7,8.692307692307692,1
O00115,1,L,4,43.84,-33.936,-34.149,-34.598,-35.149,35.071,35.76,34.741,36.806,19.397,20.752,21.829,20.565,unstructured,unstructured,0,0,0,0,1,8,9.0,1
O00115,1,L,5,45.7,-31.778,-32.268,-31.148,-32.812,33.229,34.539,35.319,35.367,18.309,17.68,16.957,18.749,unstructured,unstructured,0,0,0,0,1,9,10.2,1
O00115,1,L,6,45.95,-31.233,-32.147,-33.315,-32.617,30.526,30.815,29.801,32.19,17.215,18.41,18.469,18.271,unstructured,unstructured,0,0,0,0,1,10,12.8125,1
O00115,1,A,7,46.85,-29.188,-28.962,-27.545,-29.923,28.439,29.952,30.39,30.583,16.666,16.56,16.953,17.443,unstructured,unstructured,0,0,0,0,1,10,18.764705882352942,1
O00115,1,A,8,41.85,-28.575,-30.001,-31.004,-29.947,25.991,26.452,26.135,27.885,15.199,15.518,14.4,15.722,unstructured,unstructured,0,0,0,0,1,10,25.833333333333332,1
O00115,1,L,9,42.16,-27.268,-26.769,-26.19,-27.916,23.4,24.515,23.962,25.371,15.017,15.933,17.251,16.181,unstructured,unstructured,0,0,0,0,1,10,33.473684210526315,1
O00115,1,L,10,38.71,-25.973,-27.106,-26.904,-27.101,21.607,22.554,23.172,23.611,13.127,12.725,11.325,13.714,unstructured,unstructured,0,0,0,0,1,10,39.3,0
O00115,1,C,11,38.47,-25.599,-25.546,-26.161,-26.296,18.814,19.363,18.376,20.606,12.571,13.992,15.001,13.948,unstructured,unstructured,0,0,0,0,1,10,43.57142857142857,0
O00115,1,V,12,37.11,-24.061,-24.272,-22.994,-24.62,17.026,18.439,18.981,19.199,11.093,10.56,9.89,11.751,unstructured,unstructured,0,0,0,0,1,9,48.38095238095238,0
O00115,1,P,13,43.26,-23.176,-24.63,-25.63,-24.879,14.401,14.668,13.792,16.035,10.753,11.109,10.348,10.691,unstructured,unstructured,0,0,0,0,1,9,52.0,0
O00115,1,A,14,54.41,-21.06,-20.996,-20.343,-22.376,12.512,13.631,13.208,14.0,10.464,11.502,12.825,11.744,unstructured,unstructured,0,0,0,0,1,13,56.0,0
O00115,1,G,15,62.15,-19.924,-20.898,,-20.816,10.772,11.898,,12.858,8.414,8.111,,9.197,unstructured,unstructured,0,0,0,0,1,27,60.38095238095238,0
O00115,1,A,16,77.47,-18.056,-19.525,-20.099,-20.325,8.602,8.343,7.218,9.543,7.948,8.293,7.423,8.086,unstructured,unstructured,0,0,0,0,1,52,65.61904761904762,0
O00115,1,L,17,93.34,-15.304,-15.734,-14.998,-17.156,7.762,8.334,7.684,8.145,7.24,8.606,9.775,8.814,BEND,BEND,1,0,0,0,0,114,71.42857142857143,0
O00115,1,T,18,96.88,-13.039,-14.307,-15.509,-14.624,9.056,8.311,8.711,8.585,4.624,5.035,4.153,6.444,unstructured,unstructured,0,0,0,0,1,146,77.61904761904762,0
O00115,1,C,19,98.35,-12.095,-11.45,-10.868,-12.443,10.816,9.497,8.717,8.675,2.354,2.818,1.632,3.497,STRN,STRN,0,0,1,0,0,171,85.0,0
O00115,1,Y,20,97.49,-10.761,-11.76,-11.804,-11.403,13.659,13.25,14.291,11.932,0.981,2.055,3.179,2.575,STRN,STRN,0,0,1,0,0,150,93.28571428571429,0
O00115,1,G,21,97.42,-9.983,-10.464,,-11.274,15.892,14.449,,13.999,-1.167,-1.314,,-0.196,unstructured,unstructured,0,0,0,0,1,129,102.66666666666667,0
O00115,1,D,22,96.67,-9.713,-8.613,-7.629,-9.148,18.766,17.695,17.813,16.325,-2.272,-2.15,-3.327,-2.11,TURN_TY1_P,TURN,0,0,0,1,0,106,111.66666666666667,0
O00115,1,S,23,95.51,-12.628,-12.031,-13.096,-10.856,19.61,19.307,18.668,18.427,-1.549,-2.933,-3.83,-2.871,TURN_TY1_P,TURN,0,0,0,1,0,82,120.33333333333333,0
O00115,1,G,24,95.01,-14.223,-12.929,,-12.296,18.02,18.83,,18.813,0.855,0.787,,-0.529,BEND,BEND,1,0,0,0,0,91,128.23809523809524,0
O00115,1,Q,25,95.78,-15.25,-15.688,-16.385,-14.546,14.911,16.349,16.42,17.261,0.086,-0.227,-1.596,-0.194,BEND,BEND,1,0,0,0,0,100,134.9047619047619,0
O00115,1,P,26,96.6,-15.613,-15.946,-17.27,-16.146,12.044,12.631,12.061,14.074,-0.676,0.699,1.212,0.637,STRN,STRN,0,0,1,0,0,119,140.1904761904762,0
O00115,1,V,27,97.67,-14.215,-14.318,-13.019,-14.673,8.837,10.307,10.79,11.103,-1.506,-1.893,-2.571,-0.709,STRN,STRN,0,0,1,0,0,132,142.42857142857142,0
O00115,1,D,28,98.12,-12.845,-14.311,-15.0,-14.432,6.082,6.507,5.742,7.947,-2.082,-2.22,-3.347,-2.468,BEND,BEND,1,0,0,0,0,140,139.85714285714286,0
O00115,1,W,29,98.61,-9.788,-10.526,-10.087,-11.964,7.732,6.517,5.222,6.689,-3.305,-2.748,-3.454,-2.873,STRN,STRN,0,0,1,0,0,165,134.33333333333334,0
O00115,1,F,30,98.75,-6.216,-7.647,-7.76,-8.563,8.364,8.875,10.297,7.951,-3.43,-3.502,-2.931,-2.843,STRN,STRN,0,0,1,0,0,184,127.14285714285714,0
O00115,1,V,31,98.85,-3.295,-3.951,-3.423,-5.397,10.064,8.695,7.865,8.841,-4.288,-4.332,-5.507,-4.359,STRN,STRN,0,0,1,0,0,207,120.80952380952381,0
O00115,1,V,32,98.71,-0.021,-1.417,-1.487,-2.348,10.834,11.327,12.024,10.206,-3.659,-3.316,-1.948,-3.37,STRN,STRN,0,0,1,0,0,199,115.52380952380952,0
O00115,1,Y,33,98.65,2.804,2.039,2.166,0.635,12.63,11.357,10.975,11.543,-4.567,-4.91,-6.383,-4.572,STRN,STRN,0,0,1,0,0,191,111.38095238095238,0
O00115,1,K,34,98.23,5.558,4.282,4.555,3.416,13.733,13.788,13.764,12.669,-3.833,-3.009,-1.514,-3.385,STRN,STRN,0,0,1,0,0,175,108.85714285714286,0
O00115,1,L,35,97.12,8.326,7.027,6.806,5.882,15.121,14.961,16.166,14.837,-4.578,-5.38,-6.307,-4.489,HELX_LH_PP_P,HELX,0,1,0,0,0,153,106.28571428571429,0
O00115,1,P,36,96.82,11.145,10.759,11.764,9.467,16.331,14.847,14.005,14.6,-4.413,-4.418,-5.199,-5.055,HELX_LH_PP_P,HELX,0,1,0,0,0,138,103.9047619047619,0
O00115,1,A,37,94.85,13.587,12.718,13.462,12.145,18.367,18.02,18.132,16.677,-4.755,-3.522,-2.185,-3.605,unstructured,unstructured,0,0,0,0,1,99,101.42857142857143,0
O00115,1,L,38,83.84,14.422,13.62,12.58,12.963,19.992,18.685,18.687,18.432,-7.212,-7.219,-8.354,-5.934,unstructured,unstructured,0,0,0,0,1,60,100.23809523809524,0
O00115,1,R,39,72.09,15.691,16.385,17.811,15.566,22.172,21.214,20.856,20.002,-9.043,-8.077,-8.532,-7.905,TURN_TY1_P,TURN,0,0,0,1,0,30,99.52380952380952,0
O00115,1,G,40,68.78,13.549,15.08,,15.634,24.608,24.516,,23.455,-9.567,-9.527,,-8.677,TURN_TY1_P,TURN,0,0,0,1,0,20,98.04761904761905,0
O00115,1,S,41,63.36,10.858,11.352,10.771,12.817,24.758,23.856,22.443,23.796,-7.602,-8.741,-8.607,-8.796,unstructured,unstructured,0,0,0,0,1,17,96.76190476190476,0
O00115,1,G,42,66.51,10.145,9.385,,10.197,27.422,26.682,,25.866,-5.932,-7.04,,-7.953,BEND,BEND,1,0,0,0,0,18,94.47619047619048,0
O00115,1,E,43,75.74,10.651,9.93,8.818,9.385,27.619,28.629,29.294,27.979,-2.895,-3.794,-2.979,-4.987,unstructured,unstructured,0,0,0,0,1,19,93.0952380952381,0
O00115,1,A,44,76.19,11.854,12.626,13.851,11.809,26.561,27.142,27.943,28.009,-0.304,-1.507,-1.048,-2.356,HELX_RH_3T_P,HELX,0,1,0,0,0,29,91.71428571428571,0
O00115,1,A,45,79.03,9.066,10.078,9.359,10.902,25.787,26.899,28.143,27.318,1.054,1.392,1.932,0.257,HELX_RH_3T_P,HELX,0,1,0,0,0,37,90.47619047619048,0
O00115,1,Q,46,84.34,8.314,7.667,6.769,8.661,23.401,24.675,25.318,25.66,-1.226,-0.668,-1.727,-0.213,HELX_RH_3T_P,HELX,0,1,0,0,0,50,88.38095238095238,0
O00115,1,R,47,87.06,10.217,10.413,11.866,9.644,20.993,22.366,22.821,23.383,-1.321,-1.959,-1.963,-1.267,TURN_TY1_P,TURN,0,0,0,1,0,67,85.76190476190476,0
O00115,1,G,48,94.2,8.205,9.505,,9.788,18.518,18.667,,20.028,-0.877,-1.676,,-2.135,TURN_TY1_P,TURN,0,0,0,1,0,107,84.71428571428571,0
O00115,1,L,49,96.36,4.899,6.039,5.895,7.37,19.529,19.533,20.728,19.563,-1.23,-0.202,0.753,-0.82,TURN_TY1_P,TURN,0,0,0,1,0,125,85.47619047619048,0
O00115,1,Q,50,95.56,3.866,4.243,4.83,5.199,18.216,19.685,20.28,19.815,-3.808,-3.594,-4.88,-2.497,unstructured,unstructured,0,0,0,0,1,134,89.28571428571429,0
O00115,1,Y,51,97.36,1.235,2.144,1.461,2.618,16.688,16.642,15.961,17.97,-5.77,-4.55,-3.355,-4.188,STRN,STRN,0,0,1,0,0,157,95.14285714285714,0
O00115,1,K,52,97.6,-1.053,0.068,0.672,1.099,14.464,15.248,14.496,15.532,-6.731,-7.401,-8.594,-6.412,STRN,STRN,0,0,1,0,0,159,100.28571428571429,0
O00115,1,Y,53,98.31,-4.286,-3.492,-4.3,-2.281,13.433,14.157,15.277,14.742,-7.663,-6.571,-5.907,-7.126,STRN,STRN,0,0,1,0,0,170,105.42857142857143,0
O00115,1,L,54,98.29,-6.949,-5.802,-4.922,-4.932,10.937,11.52,10.415,12.328,-7.302,-8.145,-8.758,-7.294,STRN,STRN,0,0,1,0,0,162,110.71428571428571,0
O00115,1,D,55,97.87,-10.258,-9.37,-10.142,-8.182,9.859,10.324,11.201,11.027,-8.431,-7.265,-6.253,-7.786,STRN,STRN,0,0,1,0,0,149,114.0952380952381,0
O00115,1,E,56,93.9,-12.848,-12.364,-13.569,-11.413,9.898,8.795,8.092,9.26,-10.118,-9.159,-8.497,-8.144,TURN_TY1_P,TURN,0,0,0,1,0,109,117.19047619047619,0
O00115,1,S,57,92.67,-12.378,-13.43,-14.175,-12.88,13.127,12.306,13.195,11.151,-11.134,-10.383,-9.383,-9.661,TURN_TY1_P,TURN,0,0,0,1,0,83,120.80952380952381,0
O00115,1,S,58,91.97,-9.673,-10.001,-8.762,-11.103,13.745,13.791,13.425,12.924,-12.728,-11.231,-10.418,-10.809,BEND,BEND,1,0,0,0,0,77,124.80952380952381,0
O00115,1,G,59,92.3,-8.183,-9.68,,-10.016,12.25,12.458,,12.656,-15.133,-14.846,,-13.428,BEND,BEND,1,0,0,0,0,76,125.85714285714286,0
O00115,1,G,60,95.22,-5.186,-5.892,,-7.347,12.758,12.001,,12.124,-13.064,-14.191,,-14.098,BEND,BEND,1,0,0,0,0,110,125.38095238095238,0
O00115,1,W,61,97.0,-3.28,-3.063,-1.575,-3.852,14.995,13.486,13.171,12.746,-12.219,-12.092,-12.259,-13.077,unstructured,unstructured,0,0,0,0,1,143,124.57142857142857,0
O00115,1,R,62,95.66,-2.682,-3.675,-5.109,-3.656,17.557,17.103,17.596,15.64,-9.908,-10.967,-10.711,-11.114,STRN,STRN,0,0,1,0,0,125,122.0,0
O00115,1,D,63,95.16,-2.452,-1.597,-1.111,-2.334,19.385,19.416,20.832,18.836,-7.525,-8.792,-9.133,-9.913,STRN,STRN,0,0,1,0,0,126,120.9047619047619,0
O00115,1,G,64,96.21,-2.992,-2.433,,-1.803,20.517,19.133,,19.097,-4.787,-5.09,,-6.398,unstructured,unstructured,0,0,0,0,1,130,120.47619047619048,0
O00115,1,R,65,95.07,-3.957,-4.797,-6.16,-4.145,22.714,21.846,21.533,20.571,-2.831,-3.772,-3.151,-4.12,BEND,BEND,1,0,0,0,0,100,121.57142857142857,0
O00115,1,A,66,95.17,-0.917,-2.28,-3.009,-3.132,21.981,22.689,22.641,22.072,-0.995,-1.012,0.348,-2.017,BEND,BEND,1,0,0,0,0,102,121.52380952380952,0
O00115,1,L,67,96.76,0.817,1.17,2.189,-0.03,20.391,21.602,22.509,22.378,1.092,0.222,0.918,-0.087,unstructured,unstructured,0,0,0,0,1,126,122.9047619047619,0
O00115,1,I,68,98.06,1.303,1.318,2.313,1.607,18.253,18.072,16.967,19.319,3.271,1.746,1.323,1.018,TURN_TY1_P,TURN,0,0,0,1,0,151,127.0,0
O00115,1,N,69,97.07,0.844,2.037,3.376,2.003,20.411,19.579,20.259,19.26,5.704,5.222,5.558,3.796,TURN_TY1_P,TURN,0,0,0,1,0,129,131.33333333333334,0
O00115,1,S,70,96.94,-2.373,-1.232,-1.6,-0.029,20.641,21.6,22.585,20.859,5.55,5.164,4.046,4.803,BEND,BEND,1,0,0,0,0,115,133.66666666666666,0
O00115,1,P,71,96.26,-5.521,-4.394,-4.809,-3.206,20.366,20.232,20.771,21.003,5.856,6.9,8.27,6.546,TURN_TY1_P,TURN,0,0,0,1,0,117,134.38095238095238,0
O00115,1,E,72,96.21,-6.288,-6.388,-6.347,-5.381,20.55,21.494,22.953,21.251,2.613,3.824,3.329,4.862,TURN_TY1_P,TURN,0,0,0,1,0,103,134.04761904761904,0
O00115,1,G,73,97.28,-5.767,-5.077,,-5.211,17.4,18.705,,19.766,1.892,1.48,,2.489,BEND,BEND,1,0,0,0,0,136,133.38095238095238,0
O00115,1,A,74,98.17,-6.256,-6.731,-6.63,-5.979,14.41,15.242,14.417,16.484,2.365,1.161,-0.121,0.946,HELX_RH_AL_P,HELX,0,1,0,0,0,161,130.28571428571428,0
O00115,1,V,75,98.48,-4.636,-4.345,-2.827,-4.937,14.173,13.488,13.3,14.243,4.977,3.639,3.444,2.52,HELX_RH_AL_P,HELX,0,1,0,0,0,185,125.28571428571429,0
O00115,1,G,76,97.42,-6.12,-4.647,,-4.405,16.284,16.27,,15.486,6.677,6.269,,5.059,HELX_RH_AL_P,HELX,0,1,0,0,0,148,121.80952380952381,0
O00115,1,R,77,96.67,-8.93,-8.486,-9.257,-7.033,15.008,16.375,16.717,16.435,6.435,5.941,4.662,5.708,HELX_RH_AL_P,HELX,0,1,0,0,0,138,118.61904761904762,0
O00115,1,S,78,97.65,-8.401,-8.885,-8.344,-8.489,12.163,12.574,11.587,13.947,7.489,6.1,5.065,5.764,HELX_RH_AL_P,HELX,0,1,0,0,0,169,114.38095238095238,0
O00115,1,L,79,97.14,-7.139,-6.66,-5.125,-7.207,13.285,12.321,12.299,12.607,10.315,9.227,9.163,7.898,HELX_RH_AL_P,HELX,0,1,0,0,0,168,110.0952380952381,0
O00115,1,Q,80,94.89,-9.067,-8.268,-9.069,-7.827,14.749,15.36,16.475,14.378,12.142,10.97,10.28,9.979,HELX_RH_3T_P,HELX,0,1,0,0,0,125,108.80952380952381,0
O00115,1,P,81,93.78,-9.834,-10.723,-11.683,-9.982,12.478,13.154,12.153,13.773,14.093,13.039,12.382,11.938,HELX_RH_3T_P,HELX,0,1,0,0,0,125,109.47619047619048,0
O00115,1,L,82,94.55,-7.166,-7.687,-6.514,-8.652,12.275,11.333,10.82,11.978,15.711,14.611,13.75,13.709,HELX_RH_3T_P,HELX,0,1,0,0,0,136,111.52380952380952,0
O00115,1,Y,83,94.1,-7.553,-6.533,-5.576,-7.147,15.454,14.598,15.467,13.587,17.094,16.331,15.503,15.456,HELX_RH_3T_P,HELX,0,1,0,0,0,111,114.85714285714286,0
O00115,1,R,84,88.16,-10.039,-9.891,-11.204,-8.835,15.164,15.771,15.752,15.072,19.228,17.832,17.037,17.082,BEND,BEND,1,0,0,0,0,61,117.14285714285714,0
O00115,1,S,85,68.55,-11.538,-10.55,-10.902,-10.498,14.431,15.558,16.779,15.954,21.954,21.617,22.476,20.197,BEND,BEND,1,0,0,0,0,25,118.76190476190476,0
O00115,1,N,86,72.08,-13.229,-13.445,-14.862,-12.438,11.813,13.021,13.619,14.06,20.339,21.262,21.177,21.037,unstructured,unstructured,0,0,0,0,1,27,119.38095238095238,0
O00115,1,T,87,74.91,-12.49,-11.807,-10.296,-12.098,8.661,9.876,9.607,11.126,20.404,19.78,19.692,20.501,HELX_RH_3T_P,HELX,0,1,0,0,0,35,120.14285714285714,0
O00115,1,S,88,76.76,-14.785,-13.875,-14.67,-13.263,6.777,7.672,8.193,8.802,21.362,22.219,23.422,21.49,HELX_RH_3T_P,HELX,0,1,0,0,0,37,120.85714285714286,0
O00115,1,Q,89,86.09,-15.386,-16.169,-17.306,-15.331,6.059,6.598,7.517,7.32,18.101,19.306,18.843,20.271,HELX_RH_3T_P,HELX,0,1,0,0,0,61,119.19047619047619,0
O00115,1,L,90,93.53,-12.39,-13.192,-12.258,-14.074,4.638,5.854,6.999,6.293,17.448,16.993,16.547,18.062,unstructured,unstructured,0,0,0,0,1,102,116.28571428571429,0
O00115,1,A,91,96.24,-9.966,-11.028,-11.498,-12.154,3.226,2.812,1.365,3.722,15.58,16.598,16.46,16.52,STRN,STRN,0,0,1,0,0,129,112.04761904761905,0
O00115,1,F,92,97.36,-6.387,-7.6,-7.212,-8.702,2.374,3.233,4.719,3.004,15.314,15.001,14.973,15.921,STRN,STRN,0,0,1,0,0,160,107.14285714285714,0
O00115,1,L,93,98.0,-3.346,-4.255,-4.189,-5.613,2.41,1.554,0.089,2.081,13.485,14.364,13.893,14.274,STRN,STRN,0,0,1,0,0,173,101.28571428571429,0
O00115,1,L,94,97.85,0.011,-1.211,-0.898,-2.299,2.719,3.633,5.01,2.969,13.415,13.377,13.989,14.084,STRN,STRN,0,0,1,0,0,184,96.52380952380952,0
O00115,1,Y,95,97.63,2.687,1.653,1.179,0.517,1.914,1.445,0.02,2.349,11.131,12.144,11.879,12.243,STRN,STRN,0,0,1,0,0,195,94.0,0
O00115,1,N,96,96.74,6.365,5.097,5.203,3.958,1.486,2.156,3.694,1.717,11.207,10.675,10.79,11.472,STRN,STRN,0,0,1,0,0,198,93.47619047619048,0
O00115,1,D,97,94.83,9.516,8.466,8.973,7.161,1.353,0.284,-0.674,0.844,11.111,10.745,9.659,10.354,BEND,BEND,1,0,0,0,0,164,92.9047619047619,0
O00115,1,Q,98,94.41,8.981,9.955,10.733,9.208,4.836,3.804,4.376,2.626,11.89,11.29,10.093,10.854,BEND,BEND,1,0,0,0,0,153,92.61904761904762,0
O00115,1,P,99,94.52,7.972,7.448,6.975,8.473,6.934,5.507,4.77,4.637,13.979,13.696,14.953,13.119,unstructured,unstructured,0,0,0,0,1,134,92.66666666666667,0
O00115,1,P,100,92.61,8.334,7.489,6.197,7.086,9.497,9.32,10.131,7.929,15.717,14.453,14.58,14.195,BEND,BEND,1,0,0,0,0,107,92.76190476190476,0
O00115,1,Q,101,82.99,9.317,8.793,7.885,8.063,7.254,8.674,9.156,8.69,18.247,18.007,19.148,16.743,BEND,BEND,1,0,0,0,0,36,93.80952380952381,0
O00115,1,P,102,68.96,11.396,11.018,12.203,10.468,5.366,5.548,5.439,6.879,19.337,17.865,16.902,17.664,unstructured,unstructured,0,0,0,0,1,22,94.61904761904762,0
O00115,1,S,103,66.25,12.701,11.317,10.3,10.836,3.292,3.921,3.007,4.34,21.093,21.294,22.009,19.982,unstructured,unstructured,0,0,0,0,1,13,95.23809523809524,0
O00115,1,K,104,56.81,15.117,15.067,16.059,13.71,1.659,3.145,3.934,3.723,22.155,21.766,22.636,21.862,TURN_TY1_P,TURN,0,0,0,1,0,11,96.80952380952381,0
O00115,1,A,105,54.59,13.535,14.023,13.135,14.069,-1.264,-0.181,-0.108,1.154,22.415,23.388,24.636,22.805,TURN_TY1_P,TURN,0,0,0,1,0,8,98.95238095238095,0
O00115,1,Q,106,63.44,12.97,12.357,10.853,13.015,-1.842,-1.853,-1.585,-0.898,18.961,20.357,20.35,21.242,unstructured,unstructured,0,0,0,0,1,14,100.76190476190476,0
O00115,1,D,107,66.82,12.981,14.101,15.132,13.535,-3.506,-3.221,-4.356,-2.99,16.261,17.275,17.359,18.594,unstructured,unstructured,0,0,0,0,1,15,101.47619047619048,0
O00115,1,S,108,75.84,12.259,11.783,11.351,12.757,-3.69,-2.736,-1.384,-2.569,13.155,14.255,13.677,15.335,HELX_RH_3T_P,HELX,0,1,0,0,0,29,102.71428571428571,0
O00115,1,S,109,75.56,13.326,14.076,15.563,13.513,-6.416,-5.083,-5.347,-4.165,12.096,12.19,12.472,13.192,HELX_RH_3T_P,HELX,0,1,0,0,0,38,103.80952380952381,0
O00115,1,M,110,84.19,10.462,11.894,11.848,12.712,-7.881,-8.085,-8.636,-6.866,12.72,13.237,14.668,13.198,HELX_RH_3T_P,HELX,0,1,0,0,0,63,104.76190476190476,0
O00115,1,R,111,93.49,8.743,8.691,8.107,10.016,-6.155,-6.308,-5.045,-6.631,10.476,11.993,12.644,12.538,BEND,BEND,1,0,0,0,0,124,105.42857142857143,0
O00115,1,G,112,95.88,7.807,7.463,,7.581,-4.633,-6.058,,-6.283,8.003,8.412,,9.845,unstructured,unstructured,0,0,0,0,1,146,107.80952380952381,0
O00115,1,H,113,95.99,7.019,8.402,9.4,8.269,-2.698,-3.168,-3.238,-4.471,5.684,6.129,4.968,6.766,BEND,BEND,1,0,0,0,0,173,111.04761904761905,0
O00115,1,T,114,97.63,4.429,4.84,3.849,6.208,-0.6,-1.838,-3.0,-2.263,7.143,6.366,6.521,6.644,unstructured,unstructured,0,0,0,0,1,206,116.47619047619048,0
O00115,1,K,115,98.16,1.709,3.139,4.049,3.602,1.819,1.508,2.677,0.239,6.651,7.076,6.677,6.511,STRN,STRN,0,0,1,0,0,229,123.57142857142857,0
O00115,1,G,116,98.59,-1.239,-0.427,,0.931,3.206,2.775,,2.368,8.483,7.275,,7.571,STRN,STRN,0,0,1,0,0,233,132.52380952380952,0
O00115,1,V,117,98.73,-4.779,-3.501,-3.772,-2.485,3.212,3.976,5.49,3.555,8.863,9.146,9.063,8.183,STRN,STRN,0,0,1,0,0,213,142.1904761904762,0
O00115,1,L,118,98.59,-7.382,-6.724,-6.911,-5.307,3.23,2.21,0.772,2.545,10.869,9.945,10.457,9.88,STRN,STRN,0,0,1,0,0,190,152.47619047619048,0
O00115,1,L,119,97.83,-10.742,-9.297,-8.954,-8.446,4.403,4.754,6.228,3.878,10.872,11.213,10.908,10.408,STRN,STRN,0,0,1,0,0,176,163.57142857142858,0
O00115,1,L,120,96.53,-13.839,-12.951,-13.041,-11.565,4.172,3.725,2.204,4.154,12.888,11.726,11.489,11.888,STRN,STRN,0,0,1,0,0,154,174.1904761904762,0
O00115,1,D,121,94.7,-17.226,-16.232,-16.862,-15.128,3.222,4.382,5.784,4.266,13.325,13.55,13.426,12.603,unstructured,unstructured,0,0,0,0,1,121,182.61904761904762,0
O00115,1,H,122,92.57,-20.076,-19.459,-20.562,-18.433,2.169,2.281,2.547,3.321,12.351,13.755,14.784,13.882,BEND,BEND,1,0,0,0,0,86,186.47619047619048,0
O00115,1,D,123,92.46,-19.545,-20.551,-21.034,-19.969,2.758,3.244,4.672,3.208,9.123,10.179,9.875,11.522,BEND,BEND,1,0,0,0,0,90,187.9047619047619,0
O00115,1,G,124,95.92,-15.877,-17.184,,-18.253,3.267,2.546,,2.976,8.751,8.469,,9.359,STRN,STRN,0,0,1,0,0,127,186.9047619047619,0
O00115,1,G,125,97.47,-12.919,-13.778,,-15.024,4.064,4.095,,3.364,6.644,7.884,,7.741,STRN,STRN,0,0,1,0,0,160,185.33333333333334,0
O00115,1,F,126,98.64,-9.388,-10.665,-10.368,-11.614,3.375,4.112,5.496,4.227,6.115,5.73,5.14,6.825,STRN,STRN,0,0,1,0,0,196,182.57142857142858,0
O00115,1,W,127,98.8,-6.471,-7.374,-7.319,-8.743,3.248,2.342,0.88,2.83,4.307,5.146,4.689,5.085,STRN,STRN,0,0,1,0,0,217,178.23809523809524,0
O00115,1,L,128,98.89,-3.13,-4.422,-4.236,-5.475,3.814,4.638,5.954,3.859,4.247,4.302,5.071,4.95,STRN,STRN,0,0,1,0,0,231,174.14285714285714,0
O00115,1,V,129,98.81,-0.472,-1.482,-1.66,-2.765,3.675,2.643,1.506,3.32,2.311,2.804,1.779,3.067,STRN,STRN,0,0,1,0,0,262,170.52380952380952,0
O00115,1,H,130,98.71,3.201,1.734,1.492,0.75,4.285,4.713,5.994,3.696,2.581,2.466,3.279,2.855,STRN,STRN,0,0,1,0,0,261,166.28571428571428,0
O00115,1,S,131,98.46,6.286,5.553,6.153,4.096,5.74,4.85,4.972,5.055,3.057,2.031,0.625,1.954,unstructured,unstructured,0,0,0,0,1,240,162.8095238095238,0
O00115,1,V,132,98.23,6.71,6.111,5.054,5.556,7.315,7.733,8.839,6.594,5.901,4.555,4.761,3.788,unstructured,unstructured,0,0,0,0,1,205,159.76190476190476,0
O00115,1,P,133,96.25,8.223,8.613,10.116,8.028,8.357,7.233,7.185,7.461,8.414,7.449,7.2,6.132,TURN_TY1_P,TURN,0,0,0,1,0,176,160.28571428571428,0
O00115,1,N,134,96.57,6.513,7.927,9.048,8.245,9.604,8.993,10.043,8.062,10.697,10.792,10.929,9.709,TURN_TY1_P,TURN,0,0,0,1,0,152,162.0952380952381,0
O00115,1,F,135,97.87,3.135,4.2,4.145,5.557,8.264,9.345,9.763,8.873,10.101,9.823,8.343,10.114,unstructured,unstructured,0,0,0,0,1,173,161.85714285714286,0
O00115,1,P,136,97.67,1.909,1.479,-0.041,1.889,10.274,9.985,9.979,8.655,12.355,10.903,10.772,10.424,BEND,BEND,1,0,0,0,0,171,160.9047619047619,0
O00115,1,P,137,96.04,0.908,1.911,1.623,1.809,10.962,11.797,13.293,11.519,15.106,14.285,14.435,12.85,HELX_LH_PP_P,HELX,0,1,0,0,0,142,157.38095238095238,0
O00115,1,P,138,95.0,-0.959,0.309,1.092,1.238,10.663,9.843,9.547,10.574,17.497,17.224,18.509,16.358,HELX_LH_PP_P,HELX,0,1,0,0,0,127,152.0952380952381,0
O00115,1,A,139,93.83,-3.375,-3.378,-4.367,-2.071,11.618,10.613,9.48,10.001,19.234,18.068,18.348,17.812,TURN_TY1_P,TURN,0,0,0,1,0,114,146.0952380952381,0
O00115,1,S,140,92.06,-1.604,-2.218,-1.327,-2.444,13.775,12.45,11.827,11.475,20.789,21.264,22.341,20.185,TURN_TY1_P,TURN,0,0,0,1,0,87,140.33333333333334,0
O00115,1,S,141,92.81,-1.883,-0.72,-0.04,-1.194,16.077,15.111,14.879,13.866,18.711,18.916,17.562,19.521,BEND,BEND,1,0,0,0,0,81,133.66666666666666,0
O00115,1,A,142,88.55,-3.196,-2.661,-2.072,-1.629,18.559,18.401,19.721,17.374,17.304,18.742,19.257,18.887,BEND,BEND,1,0,0,0,0,57,127.95238095238095,0
O00115,1,A,143,94.4,-2.022,-2.8,-2.567,-2.423,17.407,18.327,19.796,18.156,13.938,14.891,14.497,16.288,BEND,BEND,1,0,0,0,0,97,125.23809523809524,0
O00115,1,Y,144,96.83,-0.522,-1.828,-2.733,-2.544,17.567,16.795,16.912,17.312,11.321,11.553,10.319,12.713,unstructured,unstructured,0,0,0,0,1,128,125.14285714285714,0
O00115,1,S,145,96.67,2.55,1.797,2.678,0.546,16.467,17.436,17.891,16.845,9.615,10.52,11.691,10.991,unstructured,unstructured,0,0,0,0,1,122,128.04761904761904,0
O00115,1,W,146,97.43,5.65,4.228,4.219,3.359,16.198,16.26,16.889,17.028,8.401,7.835,6.447,8.718,unstructured,unstructured,0,0,0,0,1,140,130.9047619047619,0
O00115,1,P,147,96.29,8.644,7.616,7.866,6.279,15.555,14.906,13.413,15.012,8.127,9.055,9.268,8.494,unstructured,unstructured,0,0,0,0,1,122,134.14285714285714,0
O00115,1,H,148,94.14,11.489,10.579,11.388,9.524,16.093,17.071,17.933,16.381,7.177,7.947,8.928,8.698,HELX_RH_3T_P,HELX,0,1,0,0,0,106,138.85714285714286,0
O00115,1,S,149,93.63,11.87,12.493,12.661,11.726,13.325,13.823,12.643,14.897,5.773,7.086,8.058,7.732,HELX_RH_3T_P,HELX,0,1,0,0,0,105,143.28571428571428,0
O00115,1,A,150,96.03,9.722,9.845,8.488,10.559,14.148,13.065,12.489,13.5,3.284,4.374,4.78,5.572,HELX_RH_3T_P,HELX,0,1,0,0,0,141,147.61904761904762,0
O00115,1,C,151,95.77,11.242,10.362,10.804,10.364,15.959,16.344,17.68,15.312,1.181,2.385,2.994,3.43,BEND,BEND,1,0,0,0,0,121,152.0,0
O00115,1,T,152,95.44,12.959,13.397,14.624,12.345,14.147,15.016,14.388,15.244,-0.772,0.407,1.084,1.413,BEND,BEND,1,0,0,0,0,120,155.38095238095238,0
O00115,1,Y,153,97.39,10.635,12.099,12.533,12.362,11.914,11.952,10.585,12.987,-1.916,-1.507,-0.971,-0.5,BEND,BEND,1,0,0,0,0,148,158.66666666666666,0
O00115,1,G,154,98.07,8.278,8.966,,10.338,10.109,11.117,,11.409,-2.588,-3.521,,-3.11,STRN,STRN,0,0,1,0,0,174,159.8095238095238,0
O00115,1,Q,155,98.4,4.775,6.157,5.96,6.954,9.085,9.347,10.089,10.175,-2.163,-1.558,-0.221,-2.473,STRN,STRN,0,0,1,0,0,213,158.85714285714286,0
O00115,1,T,156,98.76,1.995,2.839,2.74,4.227,7.261,7.559,6.396,7.885,-1.11,-2.339,-3.337,-1.974,STRN,STRN,0,0,1,0,0,233,159.61904761904762,0
O00115,1,L,157,98.83,-1.585,-0.3,-0.548,0.741,7.056,7.411,8.605,7.707,-0.929,-0.176,0.769,-1.153,STRN,STRN,0,0,1,0,0,239,160.0,0
O00115,1,L,158,98.87,-4.46,-3.486,-3.311,-2.187,5.385,5.47,4.122,5.912,0.048,-1.128,-1.859,-0.616,STRN,STRN,0,0,1,0,0,241,160.28571428571428,0
O00115,1,C,159,98.9,-7.811,-6.642,-7.037,-5.521,5.426,6.111,7.523,6.187,0.251,0.948,1.391,0.014,STRN,STRN,0,0,1,0,0,220,162.04761904761904,0
O00115,1,V,160,98.88,-10.686,-9.685,-9.433,-8.442,3.767,3.839,2.442,4.457,1.578,0.432,-0.159,0.908,STRN,STRN,0,0,1,0,0,205,165.23809523809524,0
O00115,1,S,161,98.75,-13.685,-13.041,-14.056,-11.899,2.821,4.203,5.278,4.239,2.183,2.225,1.824,1.319,STRN,STRN,0,0,1,0,0,179,165.76190476190476,0
O00115,1,F,162,98.54,-15.635,-14.491,-13.364,-13.972,0.819,0.887,-0.058,2.241,4.483,3.469,3.897,3.342,STRN,STRN,0,0,1,0,0,152,166.57142857142858,0
O00115,1,P,163,97.43,-17.088,-17.672,-18.785,-16.65,-1.113,-0.294,-1.026,-0.025,6.381,5.224,4.471,4.23,STRN,STRN,0,0,1,0,0,126,168.61904761904762,0
O00115,1,F,164,96.12,-16.89,-17.261,-18.412,-17.688,-3.086,-1.596,-1.418,-0.968,8.686,8.824,9.824,7.565,HELX_RH_3T_P,HELX,0,1,0,0,0,121,169.8095238095238,0
O00115,1,A,165,96.52,-16.2,-17.516,-18.733,-17.698,-5.704,-5.291,-5.818,-3.851,7.071,7.77,7.003,7.947,HELX_RH_3T_P,HELX,0,1,0,0,0,108,168.47619047619048,0
O00115,1,Q,166,98.07,-13.045,-14.25,-13.975,-15.515,-5.148,-5.138,-4.171,-4.804,6.631,5.677,4.517,6.352,HELX_RH_3T_P,HELX,0,1,0,0,0,138,165.38095238095238,0
O00115,1,F,167,98.08,-11.55,-12.005,-12.352,-13.136,-5.622,-4.314,-3.249,-4.488,9.367,8.708,9.752,7.79,HELX_RH_AL_P,HELX,0,1,0,0,0,148,162.23809523809524,0
O00115,1,S,168,97.79,-11.038,-12.061,-13.315,-12.435,-8.602,-7.97,-8.847,-6.615,8.984,9.938,10.045,9.502,HELX_RH_AL_P,HELX,0,1,0,0,0,128,157.95238095238096,0
O00115,1,K,169,98.47,-9.027,-10.351,-11.001,-11.267,-8.21,-8.983,-8.92,-8.477,6.63,6.645,5.264,7.671,HELX_RH_AL_P,HELX,0,1,0,0,0,143,154.47619047619048,0
O00115,1,M,170,98.54,-7.022,-7.846,-8.178,-9.064,-6.491,-6.078,-4.59,-6.893,8.194,6.974,7.087,6.851,HELX_RH_AL_P,HELX,0,1,0,0,0,172,151.28571428571428,0
O00115,1,G,171,98.18,-6.281,-7.025,,-7.676,-8.587,-7.301,,-6.747,10.195,10.517,,9.332,HELX_RH_AL_P,HELX,0,1,0,0,0,152,149.14285714285714,0
O00115,1,K,172,97.62,-5.037,-6.272,-7.277,-6.928,-10.457,-10.736,-11.65,-9.507,8.164,9.021,8.299,9.469,HELX_RH_AL_P,HELX,0,1,0,0,0,138,147.38095238095238,0
O00115,1,Q,173,98.24,-2.783,-3.943,-4.344,-5.105,-8.627,-9.184,-8.147,-9.552,7.186,6.358,5.3,7.187,HELX_RH_AL_P,HELX,0,1,0,0,0,163,146.9047619047619,0
O00115,1,L,174,98.5,-1.319,-2.032,-2.632,-3.068,-8.282,-7.22,-6.084,-7.787,9.899,9.041,9.882,8.181,HELX_RH_AL_P,HELX,0,1,0,0,0,173,147.42857142857142,0
O00115,1,T,175,98.08,-0.133,-1.229,-2.153,-1.945,-11.157,-10.55,-11.683,-9.427,9.96,10.847,11.325,10.198,HELX_RH_AL_P,HELX,0,1,0,0,0,146,147.14285714285714,0
O00115,1,Y,176,98.3,1.897,0.784,0.191,-0.248,-10.454,-11.485,-11.773,-11.042,7.548,7.685,6.299,8.629,HELX_RH_AL_P,HELX,0,1,0,0,0,148,146.8095238095238,0
O00115,1,T,177,97.72,3.401,2.592,2.012,1.567,-7.902,-8.118,-6.787,-9.161,8.64,7.363,6.868,7.512,HELX_RH_AL_P,HELX,0,1,0,0,0,167,143.85714285714286,0
O00115,1,Y,178,97.04,4.001,3.51,4.587,2.887,-6.753,-8.191,-9.269,-8.335,11.386,11.113,11.309,9.795,unstructured,unstructured,0,0,0,0,1,149,139.9047619047619,0
O00115,1,P,179,96.97,3.99,3.438,2.138,3.087,-3.979,-4.36,-3.611,-5.766,12.831,11.452,11.14,11.365,unstructured,unstructured,0,0,0,0,1,168,136.9047619047619,0
O00115,1,W,180,95.35,3.876,5.013,6.374,4.713,-1.148,-2.137,-1.434,-2.859,14.405,14.099,13.974,12.865,unstructured,unstructured,0,0,0,0,1,153,134.71428571428572,0
O00115,1,V,181,96.17,2.377,1.836,0.597,2.913,0.222,-0.651,-1.435,-1.542,16.847,15.716,16.193,15.243,STRN,STRN,0,0,1,0,0,160,130.33333333333334,0
O00115,1,Y,182,95.01,2.013,3.055,4.083,2.471,3.283,2.462,3.372,1.535,18.373,17.611,16.931,16.629,STRN,STRN,0,0,1,0,0,142,126.42857142857143,0
O00115,1,N,183,95.19,-1.653,-0.33,-0.21,0.779,3.42,4.0,5.521,3.365,18.058,18.571,18.379,17.873,STRN,STRN,0,0,1,0,0,142,123.85714285714286,0
O00115,1,Y,184,96.49,-4.917,-3.858,-3.685,-2.581,2.887,2.513,0.986,3.134,19.68,18.64,18.558,18.964,STRN,STRN,0,0,1,0,0,137,121.42857142857143,0
O00115,1,Q,185,96.1,-8.249,-7.337,-8.02,-6.178,1.59,2.675,4.047,2.738,19.602,20.172,20.234,19.292,STRN,STRN,0,0,1,0,0,115,118.0,0
O00115,1,L,186,95.7,-9.894,-9.248,-8.348,-8.449,-1.244,-0.633,-1.631,0.511,21.161,19.921,19.162,20.351,unstructured,unstructured,0,0,0,0,1,101,116.76190476190476,0
O00115,1,E,187,93.47,-13.271,-11.796,-11.671,-11.092,-1.419,-1.105,0.052,-0.771,22.442,22.723,23.733,21.484,unstructured,unstructured,0,0,0,0,1,76,116.42857142857143,0
O00115,1,G,188,93.41,-15.824,-15.409,,-13.967,-3.092,-2.18,,-1.949,22.239,23.394,,23.45,HELX_RH_AL_P,HELX,0,1,0,0,0,65,114.0,0
O00115,1,I,189,92.24,-16.254,-17.302,-18.604,-16.785,-3.606,-3.414,-2.79,-2.636,19.198,20.298,19.756,21.43,HELX_RH_AL_P,HELX,0,1,0,0,0,65,112.14285714285714,0
O00115,1,F,190,95.6,-13.361,-14.346,-13.595,-15.367,-3.879,-2.741,-1.411,-2.632,18.221,17.925,17.795,18.97,HELX_RH_AL_P,HELX,0,1,0,0,0,97,110.76190476190476,0
O00115,1,A,191,95.6,-12.802,-12.123,-11.815,-12.955,-6.493,-5.121,-4.831,-4.017,19.773,19.959,21.433,19.483,HELX_RH_AL_P,HELX,0,1,0,0,0,80,109.85714285714286,0
O00115,1,Q,192,95.81,-15.106,-14.891,-16.243,-14.104,-8.212,-7.805,-7.627,-6.574,18.468,19.932,20.64,20.065,HELX_RH_AL_P,HELX,0,1,0,0,0,70,107.38095238095238,0
O00115,1,E,193,96.47,-14.369,-15.662,-16.387,-15.414,-7.761,-7.483,-6.257,-7.252,15.381,16.166,15.582,17.596,HELX_RH_AL_P,HELX,0,1,0,0,0,84,105.80952380952381,0
O00115,1,F,194,97.44,-10.829,-11.937,-11.534,-13.22,-8.036,-7.362,-5.981,-7.266,15.988,15.158,14.629,15.861,unstructured,unstructured,0,0,0,0,1,112,103.9047619047619,0
O00115,1,P,195,97.73,-8.624,-9.991,-10.62,-10.985,-10.161,-10.033,-11.404,-9.318,16.477,17.172,17.444,16.368,HELX_RH_AL_P,HELX,0,1,0,0,0,101,102.38095238095238,0
O00115,1,D,196,98.29,-6.589,-7.311,-7.522,-8.581,-8.812,-10.162,-10.506,-10.194,14.554,14.407,12.924,15.141,HELX_RH_AL_P,HELX,0,1,0,0,0,120,101.47619047619048,0
O00115,1,L,197,98.3,-6.147,-6.685,-7.651,-7.311,-6.368,-6.395,-5.217,-7.687,16.398,14.965,14.723,14.659,HELX_RH_AL_P,HELX,0,1,0,0,0,141,99.76190476190476,0
O00115,1,E,198,97.59,-4.986,-6.284,-7.224,-6.841,-7.952,-7.136,-7.871,-6.979,18.701,18.712,19.665,17.364,HELX_RH_AL_P,HELX,0,1,0,0,0,116,99.04761904761905,0
O00115,1,N,199,97.29,-2.602,-3.755,-4.096,-4.955,-9.038,-9.868,-11.076,-9.052,17.205,17.779,16.887,17.946,HELX_RH_AL_P,HELX,0,1,0,0,0,110,99.42857142857143,0
O00115,1,V,200,97.96,-1.336,-1.879,-2.499,-2.871,-6.321,-7.336,-6.642,-8.23,16.576,15.566,14.339,16.179,HELX_RH_AL_P,HELX,0,1,0,0,0,139,100.0952380952381,0
O00115,1,V,201,96.29,-0.94,-1.827,-3.093,-2.21,-5.406,-4.737,-4.145,-5.681,19.481,18.425,19.072,17.358,HELX_RH_AL_P,HELX,0,1,0,0,0,134,100.9047619047619,0
O00115,1,K,202,95.54,0.857,-0.467,-1.34,-1.257,-7.958,-7.454,-8.607,-6.648,20.224,20.82,21.359,19.868,TURN_TY1_P,TURN,0,0,0,1,0,108,103.71428571428571,0
O00115,1,G,203,94.44,2.28,2.31,,1.107,-9.66,-8.181,,-7.726,17.863,18.242,,18.934,TURN_TY1_P,TURN,0,0,0,1,0,109,107.28571428571429,0
O00115,1,H,204,96.32,0.949,0.941,-0.333,1.096,-11.505,-11.578,-12.249,-10.251,15.621,17.152,17.676,17.73,unstructured,unstructured,0,0,0,0,1,102,110.66666666666667,0
O00115,1,H,205,96.23,1.137,1.492,2.904,1.407,-14.177,-12.742,-12.352,-12.585,13.165,13.557,13.092,15.002,unstructured,unstructured,0,0,0,0,1,105,112.66666666666667,0
O00115,1,V,206,96.98,1.986,0.861,0.69,1.059,-16.735,-15.799,-15.819,-14.439,11.799,11.349,9.823,11.863,unstructured,unstructured,0,0,0,0,1,96,114.57142857142857,0
O00115,1,S,207,95.94,2.685,2.557,2.137,1.619,-20.162,-18.893,-19.237,-17.906,12.03,12.874,14.305,12.317,unstructured,unstructured,0,0,0,0,1,65,116.0952380952381,0
O00115,1,Q,208,96.2,1.594,1.764,0.608,1.824,-21.068,-21.494,-22.419,-20.329,8.687,10.145,10.557,11.024,BEND,BEND,1,0,0,0,0,61,115.61904761904762,0
O00115,1,E,209,96.22,0.243,1.736,2.439,1.945,-21.749,-21.819,-22.961,-21.98,5.978,6.348,5.591,7.784,BEND,BEND,1,0,0,0,0,73,116.80952380952381,0
O00115,1,P,210,97.03,1.37,0.788,-0.078,-0.107,-19.081,-20.384,-20.115,-21.081,4.501,3.923,2.689,4.86,unstructured,unstructured,0,0,0,0,1,79,117.23809523809524,0
O00115,1,W,211,97.85,2.818,3.243,4.766,2.569,-16.177,-17.441,-17.606,-18.676,3.753,4.513,4.466,4.056,BEND,BEND,1,0,0,0,0,114,115.52380952380952,0
O00115,1,N,212,98.01,-0.271,1.259,1.871,1.84,-15.342,-15.223,-15.237,-16.294,2.068,2.076,0.663,2.867,STRN,STRN,0,0,1,0,0,139,114.0,0
O00115,1,S,213,98.38,-2.947,-2.425,-2.953,-0.962,-13.105,-14.187,-13.952,-14.228,0.896,1.818,3.227,1.837,STRN,STRN,0,0,1,0,0,145,114.66666666666667,0
O00115,1,S,214,98.46,-6.065,-4.588,-4.393,-3.892,-12.496,-12.55,-12.959,-13.475,-0.481,-0.852,-2.31,0.034,STRN,STRN,0,0,1,0,0,155,115.85714285714286,0
O00115,1,I,215,98.43,-8.648,-8.033,-8.288,-6.61,-10.006,-11.091,-10.769,-11.293,-0.878,0.0,1.487,-0.301,STRN,STRN,0,0,1,0,0,154,118.9047619047619,0
O00115,1,T,216,98.7,-11.41,-10.733,-11.764,-9.935,-8.237,-9.141,-9.772,-10.165,-0.811,-1.838,-2.775,-1.167,STRN,STRN,0,0,1,0,0,141,121.95238095238095,0
O00115,1,L,217,98.83,-12.763,-11.856,-10.769,-11.229,-5.061,-5.847,-4.942,-6.936,-1.223,-0.273,0.333,-1.006,STRN,STRN,0,0,1,0,0,152,126.47619047619048,0
O00115,1,T,218,98.73,-15.055,-14.879,-16.222,-13.917,-2.499,-3.827,-4.553,-4.636,-0.768,-1.481,-1.618,-0.723,STRN,STRN,0,0,1,0,0,131,132.1904761904762,0
O00115,1,S,219,98.6,-16.295,-14.846,-14.198,-14.742,0.365,-0.042,0.95,-1.4,-0.635,-0.914,-1.878,-1.451,unstructured,unstructured,0,0,0,0,1,141,138.0952380952381,0
O00115,1,Q,220,97.21,-18.685,-17.791,-17.581,-16.477,2.269,2.066,3.383,1.523,-0.894,0.342,1.108,-0.002,TURN_TY1_P,TURN,0,0,0,1,0,119,142.23809523809524,0
O00115,1,A,221,97.03,-18.799,-18.824,-18.285,-18.116,1.625,2.876,4.119,2.703,-4.194,-3.292,-4.008,-2.021,TURN_TY1_P,TURN,0,0,0,1,0,103,145.04761904761904,0
O00115,1,G,222,97.8,-17.103,-18.297,,-18.265,-1.069,-0.785,,0.496,-5.342,-4.424,,-3.714,unstructured,unstructured,0,0,0,0,1,102,145.23809523809524,0
O00115,1,A,223,98.27,-14.112,-14.829,-13.936,-16.07,-1.721,-0.521,0.723,-0.222,-5.425,-6.068,-6.137,-5.359,unstructured,unstructured,0,0,0,0,1,122,143.42857142857142,0
O00115,1,V,224,98.59,-11.388,-12.897,-13.28,-13.552,-3.629,-3.826,-5.029,-2.594,-5.746,-5.814,-6.693,-6.264,STRN,STRN,0,0,1,0,0,134,142.57142857142858,0
O00115,1,F,225,98.77,-8.977,-9.404,-9.051,-10.833,-5.336,-3.927,-2.892,-3.902,-3.885,-4.302,-3.227,-4.571,STRN,STRN,0,0,1,0,0,166,139.95238095238096,0
O00115,1,Q,226,98.67,-5.942,-7.14,-6.751,-7.776,-6.629,-6.972,-7.803,-5.735,-2.971,-3.855,-5.085,-4.282,STRN,STRN,0,0,1,0,0,169,138.76190476190476,0
O00115,1,S,227,98.77,-3.968,-4.842,-5.331,-5.976,-8.164,-6.921,-6.693,-7.053,-0.897,-0.798,0.63,-1.711,STRN,STRN,0,0,1,0,0,191,139.0,0
O00115,1,F,228,98.73,-0.701,-1.652,-0.875,-2.663,-8.722,-9.011,-9.056,-7.962,0.139,-1.015,-2.338,-1.059,STRN,STRN,0,0,1,0,0,185,140.14285714285714,0
O00115,1,A,229,98.52,1.272,0.417,-0.261,-0.569,-10.863,-9.605,-9.397,-9.664,2.167,2.138,3.49,1.068,STRN,STRN,0,0,1,0,0,185,142.0952380952381,0
O00115,1,K,230,97.87,4.037,3.447,4.515,2.533,-11.562,-11.769,-11.917,-10.682,4.268,2.878,1.785,2.545,STRN,STRN,0,0,1,0,0,160,142.14285714285714,0
O00115,1,F,231,97.27,6.686,5.199,4.605,4.41,-12.935,-12.71,-13.787,-12.664,5.818,6.129,7.049,4.903,unstructured,unstructured,0,0,0,0,1,138,142.95238095238096,0
O00115,1,S,232,94.59,9.468,9.026,9.719,7.567,-14.223,-12.842,-12.55,-12.706,6.147,6.642,7.977,6.797,HELX_RH_3T_P,HELX,0,1,0,0,0,118,144.76190476190476,0
O00115,1,K,233,96.02,8.607,9.012,8.371,8.732,-16.985,-16.662,-17.651,-15.281,4.635,6.079,7.054,6.508,HELX_RH_3T_P,HELX,0,1,0,0,0,101,147.66666666666666,0
O00115,1,F,234,96.31,8.911,7.627,6.792,7.917,-16.402,-16.25,-15.069,-16.079,1.677,2.503,1.995,3.932,HELX_RH_3T_P,HELX,0,1,0,0,0,127,148.52380952380952,0
O00115,1,G,235,93.2,11.7,11.354,,10.016,-15.77,-16.153,,-15.789,0.213,1.653,,2.114,unstructured,unstructured,0,0,0,0,1,100,147.76190476190476,0
O00115,1,D,236,95.43,10.54,11.141,10.597,10.896,-12.875,-14.304,-15.23,-14.925,-1.763,-1.749,-2.866,-0.438,BEND,BEND,1,0,0,0,0,129,146.0,0
O00115,1,D,237,95.83,8.67,10.158,10.953,10.756,-10.835,-10.74,-9.861,-12.068,-3.317,-2.958,-3.94,-2.802,unstructured,unstructured,0,0,0,0,1,146,144.04761904761904,0
O00115,1,L,238,97.44,6.121,6.442,5.871,7.887,-9.898,-9.815,-8.523,-9.836,-4.646,-3.147,-2.527,-2.897,HELX_RH_AL_P,HELX,0,1,0,0,0,176,139.52380952380952,0
O00115,1,Y,239,97.86,6.848,6.535,7.18,6.905,-10.108,-8.939,-7.639,-9.212,-7.792,-6.864,-7.348,-5.481,HELX_RH_PI_P,HELX,0,1,0,0,0,172,135.8095238095238,0
O00115,1,S,240,95.67,8.299,8.533,9.986,8.109,-13.021,-11.655,-11.549,-10.542,-8.061,-8.687,-9.164,-7.827,HELX_RH_PI_P,HELX,0,1,0,0,0,142,132.52380952380952,0
O00115,1,G,241,95.19,6.521,8.001,,8.29,-14.775,-14.386,,-13.126,-6.068,-6.049,,-6.731,HELX_RH_PI_P,HELX,0,1,0,0,0,136,132.04761904761904,0
O00115,1,W,242,96.78,3.251,4.167,3.789,5.602,-13.192,-14.109,-14.049,-13.824,-7.003,-6.191,-4.711,-6.292,HELX_RH_PI_P,HELX,0,1,0,0,0,141,132.9047619047619,0
O00115,1,L,243,97.88,2.113,2.337,2.723,3.364,-10.996,-10.931,-9.507,-11.868,-8.839,-7.324,-6.896,-6.852,HELX_RH_PI_P,HELX,0,1,0,0,0,163,135.76190476190476,0
O00115,1,A,244,97.13,2.286,3.055,4.463,3.179,-12.363,-11.114,-11.049,-11.054,-11.57,-11.102,-11.697,-9.643,HELX_RH_AL_P,HELX,0,1,0,0,0,140,139.61904761904762,0
O00115,1,A,245,96.37,0.415,1.867,2.655,2.575,-14.725,-14.768,-15.927,-13.519,-10.739,-11.222,-10.597,-10.96,HELX_RH_AL_P,HELX,0,1,0,0,0,118,142.61904761904762,0
O00115,1,A,246,97.06,-2.082,-1.165,-1.032,0.175,-13.148,-14.103,-13.67,-14.203,-9.75,-8.967,-7.506,-9.534,HELX_RH_AL_P,HELX,0,1,0,0,0,129,145.14285714285714,0
O00115,1,L,247,97.1,-2.358,-2.273,-1.648,-1.528,-11.557,-11.134,-9.735,-12.08,-12.637,-11.164,-11.034,-10.329,HELX_RH_AL_P,HELX,0,1,0,0,0,128,144.76190476190476,0
O00115,1,G,248,96.27,-1.047,-1.521,,-1.575,-11.914,-13.006,,-12.555,-15.408,-14.446,,-13.057,TURN_TY1_P,TURN,0,0,0,1,0,96,142.47619047619048,0
O00115,1,T,249,97.37,1.91,0.46,-0.41,-0.063,-9.68,-10.014,-8.744,-11.103,-15.521,-15.844,-15.753,-15.007,BEND,BEND,1,0,0,0,0,107,138.23809523809524,0
O00115,1,N,250,97.28,3.632,3.867,4.466,2.616,-7.222,-8.438,-7.984,-9.153,-15.395,-16.302,-17.647,-16.523,unstructured,unstructured,0,0,0,0,1,116,133.71428571428572,0
O00115,1,L,251,98.32,5.842,4.649,4.665,4.655,-4.776,-5.692,-6.18,-6.841,-14.013,-13.735,-12.274,-14.634,STRN,STRN,0,0,1,0,0,150,131.23809523809524,0
O00115,1,Q,252,98.55,6.518,6.585,6.292,5.584,-1.923,-2.42,-1.299,-3.474,-12.467,-13.91,-14.913,-14.057,STRN,STRN,0,0,1,0,0,156,130.28571428571428,0
O00115,1,V,253,98.67,8.54,7.635,8.075,7.603,-0.67,-1.843,-3.093,-2.078,-9.921,-10.262,-9.478,-11.71,STRN,STRN,0,0,1,0,0,178,129.42857142857142,0
O00115,1,Q,254,98.67,8.916,8.667,7.841,7.959,1.169,1.465,2.74,0.352,-7.212,-8.695,-8.927,-9.307,STRN,STRN,0,0,1,0,0,182,126.95238095238095,0
O00115,1,F,255,98.16,11.831,10.579,10.828,10.155,2.158,1.296,-0.166,1.375,-5.144,-5.365,-4.956,-6.765,unstructured,unstructured,0,0,0,0,1,190,125.80952380952381,0
O00115,1,W,256,97.17,14.808,13.482,13.482,12.337,2.441,3.057,3.357,2.212,-4.051,-3.591,-2.093,-3.911,unstructured,unstructured,0,0,0,0,1,153,125.33333333333333,0
O00115,1,H,257,96.31,17.935,16.682,16.78,15.42,2.954,2.523,2.927,3.019,-4.891,-5.665,-7.143,-5.089,BEND,BEND,1,0,0,0,0,121,122.80952380952381,0
O00115,1,K,258,94.66,18.953,18.9,18.805,17.785,3.085,4.045,5.526,3.691,-1.705,-2.898,-2.54,-3.788,BEND,BEND,1,0,0,0,0,98,119.19047619047619,0
O00115,1,T,259,92.24,20.089,19.009,17.627,18.938,-0.309,0.696,0.051,1.791,-1.437,-1.035,-0.856,-2.007,BEND,BEND,1,0,0,0,0,87,116.71428571428571,0
O00115,1,V,260,93.84,20.854,21.515,22.392,20.504,-3.496,-2.203,-2.442,-1.161,-1.214,-0.739,0.504,-0.503,BEND,BEND,1,0,0,0,0,77,114.0952380952381,0
O00115,1,G,261,95.67,19.826,21.078,,21.564,-5.551,-5.61,,-4.295,-3.336,-2.455,,-2.017,BEND,BEND,1,0,0,0,0,90,113.33333333333333,0
O00115,1,I,262,95.28,18.46,18.58,18.706,19.714,-5.645,-4.402,-3.121,-4.544,-6.017,-5.134,-5.988,-4.21,STRN,STRN,0,0,1,0,0,116,111.47619047619048,0
O00115,1,L,263,95.03,16.884,16.948,15.636,17.241,-6.794,-7.288,-7.962,-6.167,-8.463,-7.01,-6.581,-6.127,HELX_LH_PP_P,HELX,0,1,0,0,0,123,110.66666666666667,0
O00115,1,P,264,94.54,15.959,17.391,18.397,17.5,-7.333,-7.132,-8.028,-7.501,-11.339,-10.832,-11.562,-9.428,HELX_LH_PP_P,HELX,0,1,0,0,0,111,108.52380952380952,0
O00115,1,S,265,96.09,14.41,14.447,14.337,15.67,-8.617,-7.115,-6.332,-6.762,-13.503,-13.233,-14.534,-12.508,HELX_LH_PP_P,HELX,0,1,0,0,0,116,106.71428571428571,0
O00115,1,N,266,94.37,12.252,13.069,12.453,13.236,-11.021,-10.667,-11.238,-9.226,-14.712,-13.465,-12.171,-13.35,STRN,STRN,0,0,1,0,0,108,104.85714285714286,0
O00115,1,C,267,93.54,12.374,12.178,12.668,12.843,-13.891,-12.368,-11.686,-11.798,-16.875,-16.792,-18.079,-15.618,unstructured,unstructured,0,0,0,0,1,76,103.23809523809524,0
O00115,1,S,268,88.19,11.448,12.78,13.573,12.627,-16.775,-16.025,-16.471,-14.564,-15.797,-15.723,-14.492,-15.746,BEND,BEND,1,0,0,0,0,52,103.52380952380952,0
O00115,1,D,269,86.68,8.208,8.98,8.287,10.342,-16.069,-16.627,-16.316,-16.096,-16.756,-15.544,-14.203,-15.495,BEND,BEND,1,0,0,0,0,44,105.66666666666667,0
O00115,1,I,270,92.31,5.665,6.093,4.861,7.016,-14.68,-16.134,-17.064,-16.611,-17.815,-18.057,-18.182,-17.019,BEND,BEND,1,0,0,0,0,52,107.47619047619048,0
O00115,1,W,271,95.0,6.577,5.317,4.259,5.639,-12.142,-12.89,-12.887,-14.252,-15.712,-16.14,-15.039,-16.547,BEND,BEND,1,0,0,0,0,100,109.85714285714286,0
O00115,1,Q,272,95.12,7.855,8.085,8.499,6.896,-9.23,-10.268,-9.572,-11.082,-15.125,-16.222,-17.522,-16.443,unstructured,unstructured,0,0,0,0,1,111,109.71428571428571,0
O00115,1,V,273,97.05,10.021,8.854,8.832,8.868,-6.997,-7.957,-8.561,-8.994,-13.455,-13.254,-11.843,-14.294,STRN,STRN,0,0,1,0,0,139,106.19047619047619,0
O00115,1,L,274,97.51,10.803,10.667,10.186,9.719,-3.702,-4.844,-4.328,-5.847,-13.513,-14.527,-15.898,-14.049,STRN,STRN,0,0,1,0,0,133,101.71428571428571,0
O00115,1,N,275,97.89,12.091,12.289,13.723,12.028,-0.913,-2.232,-2.303,-3.361,-12.968,-12.219,-11.666,-13.118,STRN,STRN,0,0,1,0,0,144,98.38095238095238,0
O00115,1,V,276,98.64,12.335,11.119,9.809,11.209,2.097,1.345,2.006,-0.043,-12.43,-12.96,-12.498,-12.49,STRN,STRN,0,0,1,0,0,151,96.42857142857143,0
O00115,1,N,277,97.61,13.986,14.229,15.392,13.039,5.105,3.595,3.21,2.815,-13.032,-12.942,-13.871,-13.307,STRN,STRN,0,0,1,0,0,119,96.14285714285714,0
O00115,1,Q,278,98.28,11.146,12.656,13.355,12.998,7.089,6.913,7.459,5.515,-14.11,-14.023,-15.274,-13.83,STRN,STRN,0,0,1,0,0,127,97.61904761904762,0
O00115,1,I,279,98.49,9.118,9.276,8.809,10.669,9.823,8.501,8.585,8.099,-14.075,-13.32,-11.848,-13.393,STRN,STRN,0,0,1,0,0,143,100.80952380952381,0
O00115,1,A,280,97.65,6.101,7.612,8.164,8.013,11.451,11.29,11.484,9.993,-15.325,-15.329,-16.738,-14.796,STRN,STRN,0,0,1,0,0,125,104.61904761904762,0
O00115,1,F,281,97.2,3.917,4.225,3.865,5.629,13.426,12.903,13.905,12.543,-16.251,-14.845,-13.755,-14.739,unstructured,unstructured,0,0,0,0,1,127,109.0952380952381,0
O00115,1,P,282,92.99,2.18,2.342,1.041,2.732,15.132,13.604,12.867,13.117,-18.128,-18.116,-18.45,-16.802,BEND,BEND,1,0,0,0,0,87,110.33333333333333,0
O00115,1,G,283,88.61,3.527,2.194,,2.34,17.882,17.153,,15.718,-19.79,-19.562,,-19.315,BEND,BEND,1,0,0,0,0,42,111.47619047619048,0
O00115,1,P,284,81.46,5.597,4.695,4.169,3.495,20.27,19.796,20.972,19.075,-19.705,-20.854,-21.686,-20.412,TURN_TY1_P,TURN,0,0,0,1,0,29,112.61904761904762,0
O00115,1,A,285,84.05,5.684,5.74,5.199,5.02,19.719,20.863,22.196,20.528,-16.268,-17.3,-16.77,-18.53,TURN_TY1_P,TURN,0,0,0,1,0,41,115.42857142857143,0
O00115,1,G,286,91.7,6.674,5.335,,5.425,17.032,17.32,,18.489,-15.168,-15.86,,-16.724,unstructured,unstructured,0,0,0,0,1,75,118.80952380952381,0
O00115,1,P,287,94.02,8.465,7.967,7.648,6.73,15.254,16.651,16.768,16.97,-13.5,-13.119,-11.624,-13.822,unstructured,unstructured,0,0,0,0,1,102,122.38095238095238,0
O00115,1,S,288,95.44,11.65,10.454,10.868,9.783,13.687,13.842,13.734,15.116,-12.959,-13.887,-15.358,-13.635,STRN,STRN,0,0,1,0,0,107,127.33333333333333,0
O00115,1,F,289,97.05,13.263,12.895,12.423,11.863,10.675,12.152,12.563,12.47,-11.524,-11.487,-10.091,-12.47,STRN,STRN,0,0,1,0,0,119,130.42857142857142,0
O00115,1,N,290,97.7,14.313,14.878,16.41,14.398,8.257,8.975,8.986,10.348,-9.616,-10.842,-10.834,-10.916,STRN,STRN,0,0,1,0,0,124,131.47619047619048,0
O00115,1,S,291,98.0,14.776,13.827,13.69,14.246,6.163,6.085,4.641,6.93,-7.332,-8.543,-9.03,-9.673,HELX_RH_3T_P,HELX,0,1,0,0,0,146,132.23809523809524,0
O00115,1,T,292,97.41,16.431,16.879,18.296,15.959,8.319,7.096,7.354,6.769,-5.572,-6.379,-6.909,-7.486,HELX_RH_3T_P,HELX,0,1,0,0,0,126,131.38095238095238,0
O00115,1,E,293,97.27,13.545,14.941,14.9,15.547,10.011,10.32,11.476,9.137,-4.97,-5.531,-6.545,-6.142,HELX_RH_3T_P,HELX,0,1,0,0,0,135,130.66666666666666,0
O00115,1,D,294,97.82,11.602,11.744,11.047,13.127,7.189,8.386,8.168,8.746,-3.724,-4.675,-6.015,-4.954,STRN,STRN,0,0,1,0,0,163,130.52380952380952,0
O00115,1,H,295,97.58,9.167,10.499,10.413,10.872,5.66,6.333,6.9,7.383,-2.008,-1.67,-0.241,-2.622,unstructured,unstructured,0,0,0,0,1,192,132.66666666666666,0
O00115,1,S,296,98.23,7.324,7.151,6.533,8.412,4.144,5.598,6.385,6.175,-3.841,-3.426,-4.582,-2.979,unstructured,unstructured,0,0,0,0,1,215,137.76190476190476,0
O00115,1,K,297,98.45,4.91,6.236,6.464,6.265,1.588,1.933,1.147,3.369,-4.51,-3.879,-2.595,-3.616,unstructured,unstructured,0,0,0,0,1,226,142.9047619047619,0
O00115,1,W,298,98.79,4.232,3.813,3.108,4.975,0.073,0.951,2.239,1.281,-7.751,-6.585,-7.044,-5.789,STRN,STRN,0,0,1,0,0,223,148.38095238095238,0
O00115,1,C,299,98.77,2.284,3.478,3.853,3.277,-1.133,-1.333,-2.803,-0.651,-10.5,-9.577,-9.352,-8.314,STRN,STRN,0,0,1,0,0,192,154.85714285714286,0
O00115,1,V,300,98.76,1.769,1.53,1.481,2.549,-2.186,-1.117,0.307,-1.222,-13.879,-12.831,-13.413,-11.795,STRN,STRN,0,0,1,0,0,165,160.14285714285714,0
O00115,1,S,301,98.41,1.006,0.728,-0.564,0.683,-2.84,-3.641,-4.449,-2.746,-16.813,-15.527,-15.602,-14.381,unstructured,unstructured,0,0,0,0,1,141,162.04761904761904,0
O00115,1,P,302,97.18,1.042,2.245,3.425,1.98,-2.567,-2.546,-3.293,-3.235,-19.877,-18.928,-19.562,-17.659,BEND,BEND,1,0,0,0,0,109,164.0,0
O00115,1,K,303,93.64,-1.996,-1.01,-0.975,0.289,-4.054,-3.829,-5.018,-3.667,-19.356,-20.489,-21.46,-19.843,BEND,BEND,1,0,0,0,0,72,166.04761904761904,0
O00115,1,G,304,80.18,-4.556,-3.91,,-3.036,-4.37,-3.085,,-3.224,-17.605,-18.13,,-19.294,BEND,BEND,1,0,0,0,0,39,167.1904761904762,0
O00115,1,P,305,93.61,-5.218,-5.796,-7.318,-5.363,-2.845,-3.039,-3.172,-4.276,-14.459,-15.871,-15.862,-16.535,BEND,BEND,1,0,0,0,0,74,165.57142857142858,0
O00115,1,W,306,98.48,-2.811,-3.7,-2.972,-4.193,-2.404,-3.601,-4.912,-3.603,-12.366,-12.695,-12.401,-14.07,unstructured,unstructured,0,0,0,0,1,148,162.0,0
O00115,1,T,307,98.76,-2.244,-2.233,-2.704,-3.114,-1.274,-0.861,0.594,-1.767,-9.028,-10.49,-10.6,-11.237,STRN,STRN,0,0,1,0,0,183,157.0952380952381,0
O00115,1,C,308,98.85,-0.15,-0.975,-0.378,-1.085,-0.424,-1.508,-2.889,-1.265,-6.26,-6.945,-6.666,-8.376,STRN,STRN,0,0,1,0,0,217,152.95238095238096,0
O00115,1,V,309,98.84,0.443,0.191,-0.544,-0.56,0.171,0.89,2.224,-0.019,-2.869,-4.185,-3.96,-5.061,STRN,STRN,0,0,1,0,0,243,148.76190476190476,0
O00115,1,G,310,97.67,3.276,2.103,,1.691,0.099,-0.551,,0.188,-0.532,-1.235,,-2.417,STRN,STRN,0,0,1,0,0,230,144.85714285714286,0
O00115,1,D,311,90.58,6.317,5.059,4.524,3.988,-1.141,-0.27,-0.103,-0.72,1.026,1.098,2.521,0.224,BEND,BEND,1,0,0,0,0,164,143.42857142857142,0
O00115,1,M,312,94.95,8.557,7.563,7.1,6.381,-2.609,-3.032,-4.459,-2.167,-1.097,0.002,-0.276,0.168,unstructured,unstructured,0,0,0,0,1,187,144.0952380952381,0
O00115,1,N,313,96.63,11.218,10.94,12.241,9.855,-3.794,-2.451,-1.923,-2.561,-2.456,-1.751,-1.1,-0.761,unstructured,unstructured,0,0,0,0,1,169,147.47619047619048,0
O00115,1,R,314,96.75,14.153,12.651,12.354,12.069,-5.052,-4.944,-4.927,-3.76,-3.876,-4.148,-5.654,-3.494,unstructured,unstructured,0,0,0,0,1,159,153.38095238095238,0
O00115,1,N,315,95.07,15.966,15.888,16.504,14.506,-7.108,-5.806,-4.573,-5.512,-1.489,-2.306,-1.613,-2.682,STRN,STRN,0,0,1,0,0,129,162.47619047619048,0
O00115,1,Q,316,94.79,16.931,17.425,18.932,17.176,-8.855,-8.888,-9.182,-7.637,0.867,-0.587,-0.608,-1.314,HELX_RH_AL_P,HELX,0,1,0,0,0,117,169.47619047619048,0
O00115,1,G,317,93.18,15.041,16.559,,17.042,-7.72,-7.556,,-7.705,3.02,2.916,,1.541,HELX_RH_AL_P,HELX,0,1,0,0,0,112,171.71428571428572,0
O00115,1,E,318,94.55,12.304,12.837,12.26,14.297,-8.603,-7.222,-6.125,-7.148,1.616,2.03,1.114,2.072,HELX_RH_AL_P,HELX,0,1,0,0,0,139,170.76190476190476,0
O00115,1,E,319,94.89,12.388,12.741,13.841,13.135,-11.583,-10.929,-11.745,-9.519,2.271,0.925,0.224,1.102,HELX_RH_AL_P,HELX,0,1,0,0,0,135,166.57142857142858,0
O00115,1,Q,320,94.62,12.055,12.918,14.322,13.035,-10.835,-11.693,-11.917,-11.139,5.65,4.711,5.301,3.356,TURN_TY1_P,TURN,0,0,0,1,0,110,161.42857142857142,0
O00115,1,R,321,94.98,8.925,10.367,10.832,11.265,-9.191,-9.034,-7.571,-9.896,5.447,5.901,5.841,5.117,BEND,BEND,1,0,0,0,0,135,155.42857142857142,0
O00115,1,G,322,96.56,6.26,6.582,,8.001,-7.585,-8.903,,-9.011,5.364,6.069,,6.388,unstructured,unstructured,0,0,0,0,1,155,153.38095238095238,0
O00115,1,G,323,97.61,3.661,4.704,,5.163,-6.68,-6.347,,-7.547,2.867,3.923,,4.621,STRN,STRN,0,0,1,0,0,180,152.14285714285714,0
O00115,1,G,324,97.97,1.84,2.085,,3.157,-4.769,-5.892,,-5.665,0.219,1.213,,2.169,STRN,STRN,0,0,1,0,0,196,151.0952380952381,0
O00115,1,T,325,98.71,-1.237,0.271,1.022,0.753,-4.072,-3.953,-4.111,-4.933,-1.665,-1.494,-2.825,-0.524,STRN,STRN,0,0,1,0,0,230,149.61904761904762,0
O00115,1,L,326,98.76,-3.381,-3.283,-3.999,-1.877,-2.682,-2.922,-1.856,-2.962,-3.901,-2.394,-1.548,-2.022,STRN,STRN,0,0,1,0,0,221,150.52380952380952,0
O00115,1,C,327,98.83,-5.536,-4.091,-3.655,-3.937,-3.391,-3.666,-5.028,-3.656,-6.461,-6.06,-6.6,-4.612,STRN,STRN,0,0,1,0,0,195,153.0,0
O00115,1,A,328,98.62,-7.038,-7.078,-7.721,-5.75,-2.656,-2.634,-1.351,-2.772,-9.719,-8.191,-7.664,-7.615,STRN,STRN,0,0,1,0,0,163,154.23809523809524,0
O00115,1,Q,329,97.8,-9.23,-8.415,-9.084,-8.161,-1.76,-3.009,-4.305,-3.063,-12.109,-11.75,-12.23,-10.309,unstructured,unstructured,0,0,0,0,1,129,153.42857142857142,0
O00115,1,L,330,96.84,-8.986,-9.564,-9.526,-8.85,1.357,0.652,1.537,-0.602,-13.03,-11.799,-10.542,-11.565,unstructured,unstructured,0,0,0,0,1,135,154.0,0
O00115,1,P,331,95.07,-8.677,-9.279,-10.481,-9.777,3.618,2.236,2.325,1.579,-15.04,-15.308,-16.254,-14.102,HELX_RH_AL_P,HELX,0,1,0,0,0,104,155.38095238095238,0
O00115,1,A,332,95.16,-7.294,-8.703,-9.697,-9.231,5.572,5.678,6.331,4.375,-13.072,-13.684,-12.715,-14.085,HELX_RH_AL_P,HELX,0,1,0,0,0,121,154.57142857142858,0
O00115,1,L,333,96.59,-4.747,-5.736,-5.804,-7.062,3.897,4.348,3.284,4.603,-12.668,-11.596,-10.482,-12.172,HELX_RH_AL_P,HELX,0,1,0,0,0,161,152.57142857142858,0
O00115,1,W,334,97.48,-3.802,-4.203,-4.812,-5.109,3.366,2.336,1.077,2.889,-15.527,-14.468,-15.081,-13.463,HELX_RH_AL_P,HELX,0,1,0,0,0,147,149.23809523809524,0
O00115,1,K,335,96.46,-3.644,-4.497,-5.811,-4.767,6.323,5.19,5.773,4.125,-16.474,-17.046,-17.582,-16.065,HELX_RH_AL_P,HELX,0,1,0,0,0,128,144.47619047619048,0
O00115,1,A,336,97.09,-1.472,-2.89,-3.625,-3.709,7.086,7.587,8.053,6.571,-14.199,-14.516,-13.258,-15.167,HELX_RH_AL_P,HELX,0,1,0,0,0,148,136.71428571428572,0
O00115,1,F,337,98.25,0.819,-0.035,-0.258,-1.322,4.757,5.281,4.165,5.837,-14.472,-13.324,-12.302,-13.75,HELX_RH_AL_P,HELX,0,1,0,0,0,169,128.52380952380952,0
O00115,1,Q,338,97.77,1.928,1.011,0.103,0.224,4.602,3.563,2.759,4.16,-17.268,-16.588,-17.54,-15.507,HELX_RH_3T_P,HELX,0,1,0,0,0,138,120.19047619047619,0
O00115,1,P,339,96.59,3.413,2.311,1.374,1.456,7.375,6.834,7.965,5.817,-17.316,-18.234,-18.673,-17.623,HELX_RH_3T_P,HELX,0,1,0,0,0,122,113.14285714285714,0
O00115,1,L,340,98.51,5.731,4.423,4.016,3.356,6.756,7.493,7.277,7.101,-15.369,-15.083,-13.617,-16.003,HELX_RH_3T_P,HELX,0,1,0,0,0,147,107.95238095238095,0
O00115,1,V,341,98.4,7.555,6.85,6.497,5.667,5.373,4.759,3.277,5.553,-17.494,-16.284,-16.523,-15.947,STRN,STRN,0,0,1,0,0,139,102.57142857142857,0
O00115,1,K,342,97.62,10.462,9.341,9.875,8.515,5.964,6.883,8.228,6.267,-18.748,-18.286,-17.785,-17.237,STRN,STRN,0,0,1,0,0,118,99.0,0
O00115,1,N,343,97.87,12.162,12.146,13.505,11.097,3.168,4.303,5.026,5.266,-17.09,-18.117,-18.184,-17.81,STRN,STRN,0,0,1,0,0,113,94.47619047619048,0
O00115,1,Y,344,97.22,13.942,12.685,11.404,12.556,0.002,0.79,-0.059,1.98,-17.08,-16.7,-16.785,-17.531,STRN,STRN,0,0,1,0,0,110,88.14285714285714,0
O00115,1,Q,345,94.46,15.105,15.592,16.13,14.483,-2.854,-1.66,-2.114,-0.748,-17.199,-16.355,-14.993,-16.128,HELX_LH_PP_P,HELX,0,1,0,0,0,96,82.0952380952381,0
O00115,1,P,346,89.16,16.01,15.38,15.934,15.687,-5.551,-4.321,-4.071,-3.114,-18.472,-19.135,-20.539,-18.382,HELX_LH_PP_P,HELX,0,1,0,0,0,67,76.71428571428571,0
O00115,1,C,347,87.42,17.453,16.134,15.14,15.504,-8.177,-7.979,-9.116,-6.729,-19.172,-18.421,-18.621,-18.819,HELX_LH_PP_P,HELX,0,1,0,0,0,49,70.14285714285714,0
O00115,1,N,348,77.31,20.304,19.88,20.812,18.507,-10.083,-8.623,-7.846,-8.51,-19.182,-18.929,-17.976,-18.436,unstructured,unstructured,0,0,0,0,1,20,62.61904761904762,0
O00115,1,G,349,62.41,19.971,19.61,,19.355,-13.235,-12.385,,-10.963,-18.564,-19.792,,-19.52,BEND,BEND,1,0,0,0,0,15,56.42857142857143,0
O00115,1,M,350,55.84,19.031,20.38,21.304,20.17,-13.683,-13.37,-12.599,-12.633,-15.497,-16.144,-15.194,-17.388,unstructured,unstructured,0,0,0,0,1,20,50.904761904761905,0
O00115,1,A,351,59.69,17.722,17.461,17.191,18.616,-15.313,-15.437,-16.888,-14.947,-13.321,-14.831,-15.253,-15.57,HELX_LH_PP_P,HELX,0,1,0,0,0,22,46.1,0
O00115,1,R,352,69.55,16.468,16.867,15.946,16.835,-16.05,-14.648,-13.559,-14.627,-10.668,-11.126,-10.558,-12.591,HELX_LH_PP_P,HELX,0,1,0,0,0,29,41.21052631578947,0
O00115,1,K,353,61.88,16.029,16.922,18.135,17.323,-17.462,-17.899,-18.699,-16.7,-7.962,-9.131,-8.636,-9.874,HELX_LH_PP_P,HELX,0,1,0,0,0,26,36.94444444444444,0
O00115,1,P,354,62.08,14.858,14.02,12.843,14.833,-18.117,-17.842,-18.82,-18.053,-5.353,-6.597,-6.696,-7.79,HELX_LH_PP_P,HELX,0,1,0,0,0,28,32.470588235294116,1
O00115,1,S,355,64.33,15.011,15.449,15.32,14.715,-18.751,-17.461,-16.217,-17.289,-2.371,-3.068,-2.176,-4.326,BEND,BEND,1,0,0,0,0,20,27.625,1
O00115,1,R,356,57.16,11.929,13.171,12.815,13.719,-20.668,-20.452,-20.643,-19.103,-3.106,-2.236,-0.75,-2.462,BEND,BEND,1,0,0,0,0,15,23.066666666666666,1
O00115,1,A,357,42.53,9.584,10.722,11.128,11.896,-22.586,-22.112,-23.18,-21.752,-3.754,-4.676,-5.704,-3.882,unstructured,unstructured,0,0,0,0,1,10,19.928571428571427,1
O00115,1,Y,358,46.47,6.427,7.305,6.634,8.584,-22.698,-22.178,-21.067,-21.737,-4.101,-2.961,-2.14,-3.513,unstructured,unstructured,0,0,0,0,1,11,17.692307692307693,1
O00115,1,K,359,34.21,3.536,4.821,4.683,5.899,-23.708,-24.421,-25.945,-23.915,-4.373,-4.793,-4.667,-3.94,unstructured,unstructured,0,0,0,0,1,8,17.5,1
O00115,1,I,360,39.04,0.54,1.581,1.234,2.906,-23.475,-22.411,-21.648,-23.037,-4.876,-5.219,-6.518,-5.337,unstructured,unstructured,0,0,0,0,1,6,17.727272727272727,1
